LNTLT0472079;EP2PMeter;405856706739608;8991856040706194599;SBPDCL
LNTLT0593519;EP2PMeter;405856706882525;8991856040706337516;NBPDCL
LNTLT1044471;EP2PMeter;405856707015333;8991856040706470324;NBPDCL
LNTLT1027036;EP2PMeter;405856707097054;8991856040706552045;NBPDCL
LNTLT0544610;EP2PMeter;405856706888599;8991856040706343579;NBPDCL
LNTLT0248967;EP2PMeter;405856706461039;8991856050706466039;SBPDCL
LNTLT0145587;EP2PMeter;405856706054263;8991856050706054263;SBPDCL
LNTLT0146924;EP2PMeter;405856706314626;8991856050706314626;SBPDCL
LNTLT0145039;EP2PMeter;405856706054412;8991856050706054412;SBPDCL
LNTLT1043271;EP2PMeter;405856707015725;8991856040706470716;NBPDCL
LNTLT0718643;EP2PMeter;405856707266465;8991856040706721462;NBPDCL
LNTLT0644105;EP2PMeter;405856706760425;8991856040706215416;NBPDCL
LNTLT0586010;EP2PMeter;405856706658752;8991856040706113730;NBPDCL
LNTLT0612504;EP2PMeter;405856706720562;8991856040706175553;NBPDCL
LNTLT0441851;EP2PMeter;405856706794734;8991856040706249724;SBPDCL
LNTLT0530480;EP2PMeter;405856706601240;8991856040706056218;SBPDCL
LNTLT0771623;EP2PMeter;405856707193708;8991856040706648708;SBPDCL
LNTLT0709883;EP2PMeter;405856707168754;8991856040706623745;SBPDCL
LNTLT1034538;EP2PMeter;405856707095578;8991856040706550569;SBPDCL
LNTLT0195425;EP2PMeter;405856706302705;8991856050706302705;SBPDCL
LNTLT0532463;EP2PMeter;405856706602160;8991856040706057138;SBPDCL
LNTLT0738769;EP2PMeter;405856707152883;8991856040706607874;SBPDCL
LNTLT0581757;EP2PMeter;405856706655487;8991856040706110465;SBPDCL
LNTLT0740952;EP2PMeter;405856707243157;8991856040706698149;SBPDCL
LNTLT0980761;EP2PMeter;405856707383189;8991856040706838186;SBPDCL
LNTLT0509420;EP2PMeter;405856706576267;8991856040706031245;SBPDCL
LNTLT0621513;EP2PMeter;405856706672221;8991856040706127199;SBPDCL
LNTLT0588924;EP2PMeter;405856706656745;8991856040706111723;SBPDCL
LNTLT0619691;EP2PMeter;405856706726283;8991856040706181274;SBPDCL
LNTLT0811988;EP2PMeter;405856707004248;8991856040706459239;SBPDCL
LNTLT0812102;EP2PMeter;405856707003725;8991856040706458716;SBPDCL
LNTLT0724135;EP2PMeter;405856707123855;8991856040706578846;SBPDCL
LNTLT0731043;EP2PMeter;405856707159093;8991856040706614084;SBPDCL
LNTLT0252192;EP2PMeter;405856706473402;8991856050706478402;SBPDCL
LNTLT0255018;EP2PMeter;405856706421649;8991856050706426649;SBPDCL
LNTLT0799661;EP2PMeter;405856707275235;8991856040706730232;SBPDCL
LNTLT0971628;EP2PMeter;405856707468518;8991856040706923513;SBPDCL
LNTLT0390836;EP2PMeter;405856706807284;8991856040706262275;SBPDCL
LNTLT0457256;EP2PMeter;405856706867918;8991856040706322909;SBPDCL
LNTLT0601328;EP2PMeter;405856706681677;8991856040706136655;SBPDCL
LNTLT0699421;EP2PMeter;405856707110006;8991856040706564997;SBPDCL
LNTLT0602476;EP2PMeter;405856706717038;8991856040706172017;SBPDCL
LNTLT0700463;EP2PMeter;405856707112927;8991856040706567918;SBPDCL
LNTLT0602603;EP2PMeter;405856706684854;8991856040706139832;SBPDCL
LNTLT0602544;EP2PMeter;405856706717194;8991856040706172173;SBPDCL
LNTLT0602689;EP2PMeter;405856706684925;8991856040706139903;SBPDCL
LNTLT0699948;EP2PMeter;405856707110380;8991856040706565371;SBPDCL
LNTLT0602632;EP2PMeter;405856706684843;8991856040706139821;SBPDCL
LNTLT0602635;EP2PMeter;405856706684836;8991856040706139814;SBPDCL
LNTLT0700147;EP2PMeter;405856707112298;8991856040706567289;SBPDCL
LNTLT0602479;EP2PMeter;405856706717032;8991856040706172011;SBPDCL
LNTLT0599737;EP2PMeter;405856706680237;8991856040706135215;SBPDCL
LNTLT0600190;EP2PMeter;405856706716816;8991856040706171795;SBPDCL
LNTLT0602595;EP2PMeter;405856706684864;8991856040706139842;SBPDCL
LNTLT0386239;EP2PMeter;405856706691993;8991856040706146971;SBPDCL
LNTLT0801567;EP2PMeter;405856707279654;8991856040706734651;SBPDCL
LNTLT0045097;EP2PMeter;405856706210711;8991856050706210711;SBPDCL
LNTLT0463880;EP2PMeter;405856706546058;8991856040706001036;SBPDCL
LNTLT0636706;EP2PMeter;405856706852701;8991856040706307692;SBPDCL
LNTLT0636573;EP2PMeter;405856706854541;8991856040706309532;SBPDCL
LNTLT0780983;EP2PMeter;405856707178780;8991856040706633780;SBPDCL
LNTLT0789052;EP2PMeter;405856707232571;8991856040706687563;SBPDCL
LNTLT0636041;EP2PMeter;405856706853658;8991856040706308649;SBPDCL
LNTLT0917730;EP2PMeter;405856707582036;8991856040707037041;SBPDCL
LNTLT0201110;EP2PMeter;405856706039010;8991856050706039010;SBPDCL
LNTLT0467335;EP2PMeter;405856706545696;8991856040706000674;SBPDCL
LNTLT0793755;EP2PMeter;405856707262930;8991856040706717922;SBPDCL
LNTLT0290838;EP2PMeter;405856706382113;8991856050706382113;SBPDCL
LNTLT0598983;EP2PMeter;405856706681078;8991856040706136056;SBPDCL
LNTLT0421900;EP2PMeter;405856706506201;8991856050706511201;SBPDCL
LNTLT1032092;EP2PMeter;405856707017187;8991856040706472178;SBPDCL
LNTLT0279379;EP2PMeter;405856706398884;8991856050706398884;SBPDCL
LNTLT0290979;EP2PMeter;405856706382159;8991856050706382159;SBPDCL
LNTLT0769299;EP2PMeter;405856706981639;8991856040706436630;SBPDCL
LNTLT0654123;EP2PMeter;405856706919473;8991856040706374464;SBPDCL
LNTLT0625609;EP2PMeter;405856706653881;8991856040706108859;SBPDCL
LNTLT0799797;EP2PMeter;405856707275193;8991856040706730190;SBPDCL
LNTLT0700315;EP2PMeter;405856707112050;8991856040706567041;SBPDCL
LNTLT0699901;EP2PMeter;405856707110464;8991856040706565455;SBPDCL
LNTLT0699937;EP2PMeter;405856707110378;8991856040706565369;SBPDCL
LNTLT0800814;EP2PMeter;405856707277544;8991856040706732541;SBPDCL
LNTLT0327798;EP2PMeter;405856706334711;8991856050706334711;NBPDCL
LNTLT0617596;EP2PMeter;405856706650970;8991856040706105948;NBPDCL
LNTLT0224313;EP2PMeter;405856706325923;8991856050706325923;NBPDCL
LNTLT0208924;EP2PMeter;405856706345844;8991856050706345844;NBPDCL
LNTLT1060493;EP2PMeter;405856707601499;8991856040707056504;NBPDCL
LNTLT0089617;EP2PMeter;405856706248899;8991856050706248899;NBPDCL
LNTLT1060257;EP2PMeter;405856707601255;8991856040707056260;NBPDCL
LNTLT0227869;EP2PMeter;405856706325052;8991856050706325052;NBPDCL
LNTLT0383302;EP2PMeter;405856706692839;8991856040706147817;NBPDCL
LNTLT0382233;EP2PMeter;405856706798685;8991856040706253676;NBPDCL
LNTLT0092446;EP2PMeter;405856706138421;8991856050706138421;NBPDCL
LNTLT0176136;EP2PMeter;405856706107958;8991856050706107958;NBPDCL
LNTLT0454785;EP2PMeter;405856706868741;8991856040706323732;NBPDCL
LNTLT0522103;EP2PMeter;405856706572347;8991856040706027325;NBPDCL
LNTLT0225953;EP2PMeter;405856706332453;8991856050706332453;NBPDCL
LNTLT1022147;EP2PMeter;405856707344154;8991856040706799151;NBPDCL
LNTLT0381201;EP2PMeter;405856706694944;8991856040706149922;NBPDCL
LNTLT0597286;EP2PMeter;405856706880953;8991856040706335944;NBPDCL
LNTLT0574828;EP2PMeter;405856706663895;8991856040706118873;NBPDCL
LNTLT0223795;EP2PMeter;405856706327440;8991856050706327440;NBPDCL
LNTLT0058467;EP2PMeter;405856706041403;8991856050706041403;NBPDCL
LNTLT0520404;EP2PMeter;405856706574437;8991856040706029415;NBPDCL
LNTLT0184498;EP2PMeter;405856706069250;8991856050706069250;NBPDCL
LNTLT0825497;EP2PMeter;405856707032961;8991856040706487952;NBPDCL
LNTLT0175028;EP2PMeter;405856706079395;8991856050706079395;NBPDCL
LNTLT0227162;EP2PMeter;405856706326396;8991856050706326396;NBPDCL
LNTLT0223530;EP2PMeter;405856706327004;8991856050706327004;NBPDCL
LNTLT0382805;EP2PMeter;405856706693756;8991856040706148734;NBPDCL
LNTLT0284636;EP2PMeter;405856706445924;8991856050706450924;NBPDCL
LNTLT0210481;EP2PMeter;405856706357785;8991856050706357785;NBPDCL
LNTLT0212090;EP2PMeter;405856706345344;8991856050706345344;NBPDCL
LNTLT0381713;EP2PMeter;405856706692184;8991856040706147162;NBPDCL
LNTLT0212088;EP2PMeter;405856706345064;8991856050706345064;NBPDCL
LNTLT0110217;EP2PMeter;405856706173753;8991856050706173753;NBPDCL
LNTLT0224008;EP2PMeter;405856706325570;8991856050706325570;NBPDCL
LNTLT0383390;EP2PMeter;405856706693141;8991856040706148119;NBPDCL
LNTLT1060495;EP2PMeter;405856707601709;8991856040707056714;NBPDCL
LNTLT0383303;EP2PMeter;405856706692894;8991856040706147872;NBPDCL
LNTLT0753106;EP2PMeter;405856707153851;8991856040706608842;NBPDCL
LNTLT1040882;EP2PMeter;405856707489097;8991856040706944102;NBPDCL
LNTLT0192099;EP2PMeter;405856706347782;8991856050706347782;NBPDCL
LNTLT0597820;EP2PMeter;405856706882426;8991856040706337417;NBPDCL
LNTLT0787586;EP2PMeter;405856707200478;8991856040706655478;NBPDCL
LNTLT0361930;EP2PMeter;405856706379537;8991856050706379537;NBPDCL
LNTLT0595500;EP2PMeter;405856706880375;8991856040706335366;NBPDCL
LNTLT0190157;EP2PMeter;405856706066146;8991856050706066146;NBPDCL
LNTLT0136070;EP2PMeter;405856706118522;8991856050706118522;NBPDCL
LNTLT0750185;EP2PMeter;405856707211622;8991856040706666622;NBPDCL
LNTLT0361598;EP2PMeter;405856706401192;8991856050706401192;NBPDCL
LNTLT0928922;EP2PMeter;405856707638204;8991856040707093209;NBPDCL
LNTLT0805044;EP2PMeter;405856707106907;8991856040706561898;NBPDCL
LNTLT0375665;EP2PMeter;405856706665980;8991856040706120958;NBPDCL
LNTLT0901347;EP2PMeter;405856707321144;8991856040706776141;NBPDCL
LNTLT0594109;EP2PMeter;405856706883818;8991856040706338809;NBPDCL
LNTLT0190159;EP2PMeter;405856706066101;8991856050706066101;NBPDCL
LNTLT0595738;EP2PMeter;405856706883153;8991856040706338144;NBPDCL
LNTLT0413267;EP2PMeter;405856706498437;8991856050706503437;NBPDCL
LNTLT0879940;EP2PMeter;405856707101054;8991856040706556045;NBPDCL
LNTLT0613703;EP2PMeter;405856706720757;8991856040706175748;NBPDCL
LNTLT0759472;EP2PMeter;405856707214004;8991856040706669004;NBPDCL
LNTLT0776863;EP2PMeter;405856706975720;8991856040706430711;NBPDCL
LNTLT0554524;EP2PMeter;405856706638054;8991856040706093032;NBPDCL
LNTLT0555669;EP2PMeter;405856706636664;8991856040706091642;NBPDCL
LNTLT0555667;EP2PMeter;405856706636685;8991856040706091663;NBPDCL
LNTLT0385702;EP2PMeter;405856706690482;8991856040706145460;NBPDCL
LNTLT0707669;EP2PMeter;405856707119911;8991856040706574902;NBPDCL
LNTLT0778165;EP2PMeter;405856707121758;8991856040706576749;NBPDCL
LNTLT0384220;EP2PMeter;405856706691054;8991856040706146032;NBPDCL
LNTLT0553069;EP2PMeter;405856706637514;8991856040706092492;NBPDCL
LNTLT0554041;EP2PMeter;405856706638142;8991856040706093120;NBPDCL
LNTLT0949982;EP2PMeter;405856707484869;8991856040706939874;NBPDCL
LNTLT0883834;EP2PMeter;405856707101656;8991856040706556647;NBPDCL
LNTLT0945097;EP2PMeter;405856707331497;8991856040706786494;NBPDCL
LNTLT0556100;EP2PMeter;405856706639332;8991856040706094310;NBPDCL
LNTLT0707041;EP2PMeter;405856707117667;8991856040706572658;NBPDCL
LNTLT0385007;EP2PMeter;405856706693069;8991856040706148047;NBPDCL
LNTLT0777561;EP2PMeter;405856706978501;8991856040706433492;NBPDCL
LNTLT0555369;EP2PMeter;405856706639148;8991856040706094126;NBPDCL
LNTLT0384264;EP2PMeter;405856706693289;8991856040706148267;NBPDCL
LNTLT0553070;EP2PMeter;405856706635624;8991856040706090602;NBPDCL
LNTLT0763084;EP2PMeter;405856707204777;8991856040706659777;NBPDCL
LNTLT0758868;EP2PMeter;405856707150939;8991856040706605930;NBPDCL
LNTLT0381121;EP2PMeter;405856706799276;8991856040706254267;NBPDCL
LNTLT0777425;EP2PMeter;405856707251616;8991856040706706608;NBPDCL
LNTLT0777499;EP2PMeter;405856707242847;8991856040706697839;NBPDCL
LNTLT0614548;EP2PMeter;405856706652975;8991856040706107953;NBPDCL
LNTLT0574498;EP2PMeter;405856706663372;8991856040706118350;NBPDCL
LNTLT0817485;EP2PMeter;405856707218096;8991856040706673096;SBPDCL
LNTLT0916223;EP2PMeter;405856707650112;8991856040707105117;SBPDCL
LNTLT0951185;EP2PMeter;405856707484768;8991856040706939773;SBPDCL
LNTLT0091931;EP2PMeter;405856706283760;8991856050706283760;SBPDCL
LNTLT0462208;EP2PMeter;405856706771724;8991856040706226715;SBPDCL
LNTLT0333560;EP2PMeter;405856706494180;8991856050706499180;SBPDCL
LNTLT0309378;EP2PMeter;405856706409270;8991856050706409270;SBPDCL
LNTLT0893374;EP2PMeter;405856707006750;8991856040706461741;SBPDCL
LNTLT0393639;EP2PMeter;405856706808700;8991856040706263691;SBPDCL
LNTLT0155879;EP2PMeter;405856706142655;8991856050706142655;SBPDCL
LNTLT0558251;EP2PMeter;405856706960860;8991856040706415851;SBPDCL
LNTLT0010384;EP2PMeter;405856706028662;8991856050706028662;SBPDCL
LNTLT0835604;EP2PMeter;405856707071832;8991856040706526823;SBPDCL
LNTLT0393638;EP2PMeter;405856706805962;8991856040706260953;SBPDCL
LNTLT0984960;EP2PMeter;405856707304647;8991856040706759644;SBPDCL
LNTLT0407454;EP2PMeter;405856706540837;8991856050706545837;SBPDCL
LNTLT0558670;EP2PMeter;405856706963179;8991856040706418170;SBPDCL
LNTLT0395476;EP2PMeter;405856706904815;8991856040706359806;SBPDCL
LNTLT0292850;EP2PMeter;405856706449055;8991856050706454055;SBPDCL
LNTLT0241754;EP2PMeter;405856706324470;8991856050706324470;SBPDCL
LNTLT0904873;EP2PMeter;405856707607807;8991856040707062812;SBPDCL
LNTLT0894121;EP2PMeter;405856707067298;8991856040706522289;SBPDCL
LNTLT0112200;EP2PMeter;405856706232423;8991856050706232423;SBPDCL
LNTLT0816819;EP2PMeter;405856707067796;8991856040706522787;SBPDCL
LNTLT0987654;EP2PMeter;405856707011684;8991856040706466675;SBPDCL
LNTLT0942783;EP2PMeter;405856707331201;8991856040706786198;SBPDCL
LNTLT0727877;EP2PMeter;405856707185956;8991856040706640956;SBPDCL
LNTLT0462631;EP2PMeter;405856706786668;8991856040706241658;SBPDCL
LNTLT0852503;EP2PMeter;405856707141582;8991856040706596573;SBPDCL
LNTLT0979056;EP2PMeter;405856707649584;8991856040707104589;SBPDCL
LNTLT0140482;EP2PMeter;405856706119381;8991856050706119381;SBPDCL
LNTLT0456669;EP2PMeter;405856706865359;8991856040706320350;NBPDCL
LNTLT0876619;EP2PMeter;405856707057480;8991856040706512471;SBPDCL
LNTLT1033866;EP2PMeter;405856707095785;8991856040706550776;SBPDCL
LNTLT0974331;EP2PMeter;405856707014064;8991856040706469055;SBPDCL
LNTLT0907994;EP2PMeter;405856707580016;8991856040707035021;SBPDCL
LNTLT0907898;EP2PMeter;405856707580791;8991856040707035796;SBPDCL
LNTLT0970369;EP2PMeter;405856707469903;8991856040706924898;SBPDCL
LNTLT1035481;EP2PMeter;405856707486827;8991856040706941832;SBPDCL
LNTLT0907467;EP2PMeter;405856707605769;8991856040707060774;SBPDCL
LNTLT0976926;EP2PMeter;405856707646537;8991856040707101542;SBPDCL
LNTLT1034726;EP2PMeter;405856707099829;8991856040706554820;SBPDCL
LNTLT0876756;EP2PMeter;405856707100598;8991856040706555589;SBPDCL
LNTLT1035644;EP2PMeter;405856707338832;8991856040706793829;SBPDCL
LNTLT1036200;EP2PMeter;405856707486923;8991856040706941928;SBPDCL
LNTLT0725416;EP2PMeter;405856707189713;8991856040706644713;SBPDCL
LNTLT0972527;EP2PMeter;405856707380194;8991856040706835191;SBPDCL
LNTLT0972988;EP2PMeter;405856707645253;8991856040707100258;SBPDCL
LNTLT1035706;EP2PMeter;405856707339825;8991856040706794822;SBPDCL
LNTLT0974036;EP2PMeter;405856707649486;8991856040707104491;SBPDCL
LNTLT0973262;EP2PMeter;405856707646001;8991856040707101006;SBPDCL
LNTLT0970370;EP2PMeter;405856707469896;8991856040706924891;SBPDCL
LNTLT0973047;EP2PMeter;405856707649147;8991856040707104152;SBPDCL
LNTLT0889723;EP2PMeter;405856706989046;8991856040706444037;SBPDCL
LNTLT0915319;EP2PMeter;405856707651700;8991856040707106705;SBPDCL
LNTLT0973856;EP2PMeter;405856707646329;8991856040707101334;SBPDCL
LNTLT0725183;EP2PMeter;405856707189612;8991856040706644612;SBPDCL
LNTLT0725417;EP2PMeter;405856707189715;8991856040706644715;SBPDCL
LNTLT0915549;EP2PMeter;405856707651230;8991856040707106235;SBPDCL
LNTLT0838892;EP2PMeter;405856707052771;8991856040706507762;SBPDCL
LNTLT0915746;EP2PMeter;405856707651365;8991856040707106370;SBPDCL
LNTLT0972702;EP2PMeter;405856707380381;8991856040706835378;SBPDCL
LNTLT0973190;EP2PMeter;405856707649113;8991856040707104118;SBPDCL
LNTLT0915550;EP2PMeter;405856707651275;8991856040707106280;SBPDCL
LNTLT1035702;EP2PMeter;405856707338866;8991856040706793863;SBPDCL
LNTLT0725116;EP2PMeter;405856707189591;8991856040706644591;SBPDCL
LNTLT1035487;EP2PMeter;405856707486825;8991856040706941830;SBPDCL
LNTLT1035226;EP2PMeter;405856707097412;8991856040706552403;SBPDCL
LNTLT0907709;EP2PMeter;405856707580023;8991856040707035028;SBPDCL
LNTLT1033426;EP2PMeter;405856707425254;8991856040706880249;SBPDCL
LNTLT1031332;EP2PMeter;405856707337941;8991856040706792938;SBPDCL
LNTLT0788677;EP2PMeter;405856707203203;8991856040706658203;NBPDCL
LNTLT0969260;EP2PMeter;405856707300027;8991856040706755024;NBPDCL
LNTLT0639844;EP2PMeter;405856706689825;8991856040706144803;NBPDCL
LNTLT0454325;EP2PMeter;405856706867243;8991856040706322234;NBPDCL
LNTLT0888653;EP2PMeter;405856707133097;8991856040706588088;NBPDCL
LNTLT0965748;EP2PMeter;405856707304610;8991856040706759607;NBPDCL
LNTLT0453458;EP2PMeter;405856706867055;8991856040706322046;NBPDCL
LNTLT0967902;EP2PMeter;405856707302344;8991856040706757341;NBPDCL
LNTLT0965843;EP2PMeter;405856707304611;8991856040706759608;NBPDCL
LNTLT0888101;EP2PMeter;405856707008218;8991856040706463209;NBPDCL
LNTLT0968863;EP2PMeter;405856707300953;8991856040706755950;NBPDCL
LNTLT0304186;EP2PMeter;405856706458929;8991856050706463929;NBPDCL
LNTLT0970242;EP2PMeter;405856707469937;8991856040706924932;NBPDCL
LNTLT0306007;EP2PMeter;405856706430584;8991856050706435584;NBPDCL
LNTLT0303076;EP2PMeter;405856706458767;8991856050706463767;NBPDCL
LNTLT0306271;EP2PMeter;405856706405956;8991856050706405956;NBPDCL
LNTLT0640939;EP2PMeter;405856706762621;8991856040706217612;NBPDCL
LNTLT0970183;EP2PMeter;405856707406985;8991856040706861982;NBPDCL
LNTLT0303805;EP2PMeter;405856706459124;8991856050706464124;NBPDCL
LNTLT0305894;EP2PMeter;405856706381331;8991856050706381331;NBPDCL
LNTLT1027375;EP2PMeter;405856707339596;8991856040706794593;NBPDCL
LNTLT0969205;EP2PMeter;405856707300054;8991856040706755051;NBPDCL
LNTLT0566619;EP2PMeter;405856706943802;8991856040706398793;NBPDCL
LNTLT0302454;EP2PMeter;405856706458365;8991856050706463365;NBPDCL
LNTLT0642503;EP2PMeter;405856706729134;8991856040706184125;NBPDCL
LNTLT0512438;EP2PMeter;405856706575393;8991856040706030371;NBPDCL
LNTLT0205436;EP2PMeter;405856706292070;8991856050706292070;NBPDCL
LNTLT0513869;EP2PMeter;405856706578275;8991856040706033253;NBPDCL
LNTLT0330238;EP2PMeter;405856706475531;8991856050706480531;NBPDCL
LNTLT0513793;EP2PMeter;405856706578165;8991856040706033143;NBPDCL
LNTLT0513868;EP2PMeter;405856706578262;8991856040706033240;NBPDCL
LNTLT0880720;EP2PMeter;405856707102002;8991856040706556993;NBPDCL
LNTLT0513412;EP2PMeter;405856706561464;8991856040706016442;NBPDCL
LNTLT0328066;EP2PMeter;405856706466856;8991856050706471856;NBPDCL
LNTLT1010666;EP2PMeter;405856707390340;8991856040706845337;NBPDCL
LNTLT1012630;EP2PMeter;405856707288948;8991856040706743945;NBPDCL
LNTLT1014956;EP2PMeter;405856707661023;8991856040707116028;NBPDCL
LNTLT0326310;EP2PMeter;405856706416577;8991856050706421577;NBPDCL
LNTLT0960954;EP2PMeter;405856707384709;8991856040706839706;SBPDCL
LNTLT0960994;EP2PMeter;405856707384613;8991856040706839610;SBPDCL
LNTLT0483419;EP2PMeter;405856706896567;8991856040706351558;SBPDCL
LNTLT0854114;EP2PMeter;405856707160147;8991856040706615138;SBPDCL
LNTLT0331407;EP2PMeter;405856706477053;8991856050706482053;SBPDCL
LNTLT0313318;EP2PMeter;405856706483555;8991856050706488555;SBPDCL
LNTLT0839219;EP2PMeter;405856707051863;8991856040706506854;SBPDCL
LNTLT0988868;EP2PMeter;405856707011473;8991856040706466464;SBPDCL
LNTLT0961341;EP2PMeter;405856707384342;8991856040706839339;SBPDCL
LNTLT0835397;EP2PMeter;405856707072577;8991856040706527568;SBPDCL
LNTLT0712016;EP2PMeter;405856706997844;8991856040706452835;SBPDCL
LNTLT0719550;EP2PMeter;405856707269754;8991856040706724751;SBPDCL
LNTLT1032461;EP2PMeter;405856707489008;8991856040706944013;SBPDCL
LNTLT0980569;EP2PMeter;405856707382705;8991856040706837702;SBPDCL
LNTLT0960953;EP2PMeter;405856707384661;8991856040706839658;SBPDCL
LNTLT0979137;EP2PMeter;405856707013841;8991856040706468832;SBPDCL
LNTLT0839095;EP2PMeter;405856707052352;8991856040706507343;SBPDCL
LNTLT0672752;EP2PMeter;405856706812959;8991856040706267939;SBPDCL
LNTLT0836151;EP2PMeter;405856707072247;8991856040706527238;SBPDCL
LNTLT0783171;EP2PMeter;405856707178932;8991856040706633932;SBPDCL
LNTLT0408190;EP2PMeter;405856706544402;8991856050706549402;SBPDCL
LNTLT0592519;EP2PMeter;405856706913238;8991856040706368229;SBPDCL
LNTLT0532810;EP2PMeter;405856706713051;8991856040706168030;SBPDCL
LNTLT0726847;EP2PMeter;405856707185261;8991856040706640261;SBPDCL
LNTLT0568223;EP2PMeter;405856706942515;8991856040706397506;SBPDCL
LNTLT0742281;EP2PMeter;405856707165330;8991856040706620321;SBPDCL
LNTLT0197630;EP2PMeter;405856706303423;8991856050706303423;SBPDCL
LNTLT0194899;EP2PMeter;405856706302527;8991856050706302527;SBPDCL
LNTLT0311988;EP2PMeter;405856706482901;8991856050706487901;SBPDCL
LNTLT0119116;EP2PMeter;405856706057105;8991856050706057105;SBPDCL
LNTLT0080632;EP2PMeter;405856706089657;8991856050706089657;SBPDCL
LNTLT0500968;EP2PMeter;405856706747344;8991856040706202335;SBPDCL
LNTLT0816566;EP2PMeter;405856707068927;8991856040706523918;SBPDCL
LNTLT0049051;EP2PMeter;405856706091071;8991856050706091071;SBPDCL
LNTLT0839289;EP2PMeter;405856707052441;8991856040706507432;SBPDCL
LNTLT0843747;EP2PMeter;405856707138731;8991856040706593722;SBPDCL
LNTLT0150950;EP2PMeter;405856706310755;8991856050706310755;SBPDCL
LNTLT0146093;EP2PMeter;405856706129312;8991856050706129312;SBPDCL
LNTLT0850620;EP2PMeter;405856707145349;8991856040706600340;SBPDCL
LNTLT0976164;EP2PMeter;405856707649958;8991856040707104963;SBPDCL
LNTLT0989280;EP2PMeter;405856707010877;8991856040706465868;SBPDCL
LNTLT0507689;EP2PMeter;405856706968289;8991856040706423280;SBPDCL
LNTLT0511245;EP2PMeter;405856706577537;8991856040706032515;SBPDCL
LNTLT0509126;EP2PMeter;405856706575800;8991856040706030778;SBPDCL
LNTLT0988019;EP2PMeter;405856707012104;8991856040706467095;SBPDCL
LNTLT0510132;EP2PMeter;405856706579989;8991856040706034967;SBPDCL
LNTLT0509291;EP2PMeter;405856706575753;8991856040706030731;SBPDCL
LNTLT0451707;EP2PMeter;405856706620630;8991856040706075608;SBPDCL
LNTLT0985639;EP2PMeter;405856707303422;8991856040706758419;SBPDCL
LNTLT0511921;EP2PMeter;405856706579630;8991856040706034608;SBPDCL
LNTLT0987394;EP2PMeter;405856707011937;8991856040706466928;SBPDCL
LNTLT0508141;EP2PMeter;405856706968318;8991856040706423309;SBPDCL
LNTLT0987860;EP2PMeter;405856707012353;8991856040706467344;SBPDCL
LNTLT0510638;EP2PMeter;405856706576917;8991856040706031895;SBPDCL
LNTLT0986596;EP2PMeter;405856707407689;8991856040706862686;SBPDCL
LNTLT0822908;EP2PMeter;405856707032413;8991856040706487404;NBPDCL
LNTLT1058846;EP2PMeter;405856707601129;8991856040707056134;NBPDCL
LNTLT0956062;EP2PMeter;405856707041447;8991856040706496438;NBPDCL
LNTLT0716660;EP2PMeter;405856706978426;8991856040706433417;NBPDCL
LNTLT0088862;EP2PMeter;405856706248674;8991856050706248674;NBPDCL
LNTLT0104746;EP2PMeter;405856706072027;8991856050706072027;NBPDCL
LNTLT0103842;EP2PMeter;405856706243085;8991856050706243085;NBPDCL
LNTLT0448821;EP2PMeter;405856706623931;8991856040706078909;NBPDCL
LNTLT0449931;EP2PMeter;405856706624127;8991856040706079105;NBPDCL
LNTLT0090247;EP2PMeter;405856706139427;8991856050706139427;NBPDCL
LNTLT0949415;EP2PMeter;405856707039260;8991856040706494251;NBPDCL
LNTLT0130376;EP2PMeter;405856706081262;8991856050706081262;NBPDCL
LNTLT0104268;EP2PMeter;405856706242479;8991856050706242479;NBPDCL
LNTLT0236056;EP2PMeter;405856706322673;8991856050706322673;NBPDCL
LNTLT0172693;EP2PMeter;405856706104194;8991856050706104194;NBPDCL
LNTLT0518486;EP2PMeter;405856706562649;8991856040706017627;NBPDCL
LNTLT0107488;EP2PMeter;405856706226953;8991856050706226953;NBPDCL
LNTLT0383309;EP2PMeter;405856706692837;8991856040706147815;NBPDCL
LNTLT0957252;EP2PMeter;405856707330364;8991856040706785361;NBPDCL
LNTLT0448738;EP2PMeter;405856706624905;8991856040706079883;NBPDCL
LNTLT0107344;EP2PMeter;405856706243266;8991856050706243266;NBPDCL
LNTLT0396677;EP2PMeter;405856706809211;8991856040706264202;NBPDCL
LNTLT0948324;EP2PMeter;405856707043680;8991856040706498671;NBPDCL
LNTLT0518782;EP2PMeter;405856706574528;8991856040706029506;NBPDCL
LNTLT0045486;EP2PMeter;405856706210063;8991856050706210063;SBPDCL
LNTLT0862523;EP2PMeter;405856707227367;8991856040706682359;SBPDCL
LNTLT0916277;EP2PMeter;405856707650389;8991856040707105394;SBPDCL
LNTLT1019587;EP2PMeter;405856707663045;8991856040707118050;SBPDCL
LNTLT0501569;EP2PMeter;405856706747695;8991856040706202686;SBPDCL
LNTLT1032745;EP2PMeter;405856707425421;8991856040706880416;SBPDCL
LNTLT1038101;EP2PMeter;405856707486476;8991856040706941481;SBPDCL
LNTLT0859591;EP2PMeter;405856707164497;8991856040706619488;SBPDCL
LNTLT0024222;EP2PMeter;405856706276260;8991856050706276260;SBPDCL
LNTLT1032320;EP2PMeter;405856707485431;8991856040706940436;SBPDCL
LNTLT0042858;EP2PMeter;405856706204938;8991856050706204938;SBPDCL
LNTLT0859593;EP2PMeter;405856707164452;8991856040706619443;SBPDCL
LNTLT0101197;EP2PMeter;405856706173071;8991856050706173071;SBPDCL
LNTLT0980494;EP2PMeter;405856707465026;8991856040706920021;SBPDCL
LNTLT0511961;EP2PMeter;405856706579646;8991856040706034624;SBPDCL
LNTLT0153867;EP2PMeter;405856706125094;8991856050706125094;SBPDCL
LNTLT0077967;EP2PMeter;405856706135900;8991856050706135900;SBPDCL
LNTLT0580477;EP2PMeter;405856706911756;8991856040706366747;SBPDCL
LNTLT0156456;EP2PMeter;405856706141526;8991856050706141526;SBPDCL
LNTLT0149285;EP2PMeter;405856706314105;8991856050706314105;SBPDCL
LNTLT0922704;EP2PMeter;405856706990128;8991856040706445119;SBPDCL
LNTLT0157891;EP2PMeter;405856706097064;8991856050706097064;SBPDCL
LNTLT0112634;EP2PMeter;405856706234289;8991856050706234289;SBPDCL
LNTLT0508743;EP2PMeter;405856706577250;8991856040706032228;SBPDCL
LNTLT0485606;EP2PMeter;405856706608380;8991856040706063358;SBPDCL
LNTLT0342205;EP2PMeter;405856706491123;8991856050706496123;SBPDCL
LNTLT0797505;EP2PMeter;405856707264294;8991856040706719286;SBPDCL
LNTLT0530748;EP2PMeter;405856706602605;8991856040706057583;SBPDCL
LNTLT0580234;EP2PMeter;405856706911851;8991856040706366842;SBPDCL
LNTLT0186754;EP2PMeter;405856706067990;8991856050706067990;SBPDCL
LNTLT0797504;EP2PMeter;405856707253385;8991856040706708377;SBPDCL
LNTLT0185808;EP2PMeter;405856706065863;8991856050706065863;SBPDCL
LNTLT0796902;EP2PMeter;405856707193082;8991856040706648082;SBPDCL
LNTLT0120900;EP2PMeter;405856706112215;8991856050706112215;SBPDCL
LNTLT0509932;EP2PMeter;405856706577176;8991856040706032154;SBPDCL
LNTLT0158808;EP2PMeter;405856706269361;8991856050706269361;NBPDCL
LNTLT0777287;EP2PMeter;405856707251532;8991856040706706524;NBPDCL
LNTLT0777131;EP2PMeter;405856707251604;8991856040706706596;NBPDCL
LNTLT0776790;EP2PMeter;405856706975591;8991856040706430582;NBPDCL
LNTLT0778783;EP2PMeter;405856707179700;8991856040706634700;NBPDCL
LNTLT0161548;EP2PMeter;405856706140060;8991856050706140060;NBPDCL
LNTLT0644958;EP2PMeter;405856706728339;8991856040706183330;NBPDCL
LNTLT0137419;EP2PMeter;405856706084138;8991856050706084138;NBPDCL
LNTLT0127091;EP2PMeter;405856706111445;8991856050706111445;NBPDCL
LNTLT0161457;EP2PMeter;405856706099572;8991856050706099572;NBPDCL
LNTLT0644747;EP2PMeter;405856706764932;8991856040706219923;NBPDCL
LNTLT0172239;EP2PMeter;405856706102825;8991856050706102825;NBPDCL
LNTLT0776426;EP2PMeter;405856707213724;8991856040706668724;NBPDCL
LNTLT0595545;EP2PMeter;405856706880352;8991856040706335343;NBPDCL
LNTLT0774350;EP2PMeter;405856707194818;8991856040706649818;NBPDCL
LNTLT0188420;EP2PMeter;405856706357272;8991856050706357272;NBPDCL
LNTLT0125728;EP2PMeter;405856706112726;8991856050706112726;NBPDCL
LNTLT0158174;EP2PMeter;405856706266141;8991856050706266141;NBPDCL
LNTLT0647691;EP2PMeter;405856706718987;8991856040706173966;NBPDCL
LNTLT0185136;EP2PMeter;405856706065663;8991856050706065663;NBPDCL
LNTLT0363709;EP2PMeter;405856706404992;8991856050706404992;NBPDCL
LNTLT0778487;EP2PMeter;405856707213878;8991856040706668878;NBPDCL
LNTLT0777394;EP2PMeter;405856707242821;8991856040706697813;NBPDCL
LNTLT0776546;EP2PMeter;405856707176209;8991856040706631209;NBPDCL
LNTLT0647587;EP2PMeter;405856706853475;8991856040706308466;NBPDCL
LNTLT0645363;EP2PMeter;405856706850430;8991856040706305421;NBPDCL
LNTLT0647743;EP2PMeter;405856706717811;8991856040706172790;NBPDCL
LNTLT0855460;EP2PMeter;405856707162192;8991856040706617183;NBPDCL
LNTLT0778496;EP2PMeter;405856707127523;8991856040706582514;NBPDCL
LNTLT0152230;EP2PMeter;405856706142026;8991856050706142026;NBPDCL
LNTLT0172430;EP2PMeter;405856706079022;8991856050706079022;NBPDCL
LNTLT0128296;EP2PMeter;405856706113666;8991856050706113666;NBPDCL
LNTLT0644597;EP2PMeter;405856706764671;8991856040706219662;NBPDCL
LNTLT0158182;EP2PMeter;405856706268163;8991856050706268163;NBPDCL
LNTLT0521998;EP2PMeter;405856706571940;8991856040706026918;NBPDCL
LNTLT0105109;EP2PMeter;405856706242333;8991856050706242333;NBPDCL
LNTLT0102798;EP2PMeter;405856706071499;8991856050706071499;NBPDCL
LNTLT0185241;EP2PMeter;405856706065789;8991856050706065789;NBPDCL
LNTLT0778782;EP2PMeter;405856707179780;8991856040706634780;NBPDCL
LNTLT0137405;EP2PMeter;405856706052928;8991856050706052928;NBPDCL
LNTLT0104042;EP2PMeter;405856706243142;8991856050706243142;NBPDCL
LNTLT0818390;EP2PMeter;405856707218513;8991856040706673513;SBPDCL
LNTLT0818390;EP2PMeter;405856707218513;8991856040706673513;SBPDCL
LNTLT0818390;EP2PMeter;405856707218513;8991856040706673513;SBPDCL
LNTLT0818390;EP2PMeter;405856707218513;8991856040706673513;SBPDCL
LNTLT0818390;EP2PMeter;405856707218513;8991856040706673513;SBPDCL
LNTLT0818390;EP2PMeter;405856707218513;8991856040706673513;SBPDCL
LNTLT0818390;EP2PMeter;405856707218513;8991856040706673513;SBPDCL
LNTLT0818390;EP2PMeter;405856707218513;8991856040706673513;SBPDCL
LNTLT0102844;EP2PMeter;405856706071045;8991856050706071045;NBPDCL
LNTLT0158177;EP2PMeter;405856706266198;8991856050706266198;NBPDCL
LNTLT0172367;EP2PMeter;405856706102706;8991856050706102706;NBPDCL
LNTLT0188337;EP2PMeter;405856706067311;8991856050706067311;NBPDCL
LNTLT0774280;EP2PMeter;405856707190862;8991856040706645862;NBPDCL
LNTLT0161599;EP2PMeter;405856706269730;8991856050706269730;NBPDCL
LNTLT0776421;EP2PMeter;405856707213725;8991856040706668725;NBPDCL
LNTLT0647939;EP2PMeter;405856706717527;8991856040706172506;NBPDCL
LNTLT0646101;EP2PMeter;405856706727739;8991856040706182730;NBPDCL
LNTLT0137448;EP2PMeter;405856706052884;8991856050706052884;NBPDCL
LNTLT0160368;EP2PMeter;405856706099508;8991856050706099508;NBPDCL
LNTLT0172340;EP2PMeter;405856706079037;8991856050706079037;NBPDCL
LNTLT0184071;EP2PMeter;405856706100006;8991856050706100006;NBPDCL
LNTLT0643496;EP2PMeter;405856706729896;8991856040706184887;NBPDCL
LNTLT0184075;EP2PMeter;405856706100004;8991856050706100004;NBPDCL
LNTLT0776428;EP2PMeter;405856707213722;8991856040706668722;NBPDCL
LNTLT0929789;EP2PMeter;405856707395891;8991856040706850888;NBPDCL
LNTLT0885904;EP2PMeter;405856707134803;8991856040706589794;NBPDCL
LNTLT0705225;EP2PMeter;405856707110814;8991856040706565805;NBPDCL
LNTLT1009349;EP2PMeter;405856707392644;8991856040706847641;NBPDCL
LNTLT0126566;EP2PMeter;405856706110447;8991856050706110447;NBPDCL
LNTLT0104376;EP2PMeter;405856706242211;8991856050706242211;NBPDCL
LNTLT0705971;EP2PMeter;405856707119508;8991856040706574499;NBPDCL
LNTLT0173678;EP2PMeter;405856706079729;8991856050706079729;NBPDCL
LNTLT0057781;EP2PMeter;405856706041418;8991856050706041418;NBPDCL
LNTLT0109112;EP2PMeter;405856706297779;8991856050706297779;NBPDCL
LNTLT0404894;EP2PMeter;405856706769250;8991856040706224241;NBPDCL
LNTLT0089607;EP2PMeter;405856706135456;8991856050706135456;NBPDCL
LNTLT0013120;EP2PMeter;405856706045366;8991856050706045366;NBPDCL
LNTLT0926471;EP2PMeter;405856707399656;8991856040706854653;NBPDCL
LNTLT0089473;EP2PMeter;405856706139826;8991856050706139826;NBPDCL
LNTLT0884890;EP2PMeter;405856707134033;8991856040706589024;NBPDCL
LNTLT0824934;EP2PMeter;405856707030171;8991856040706485162;NBPDCL
LNTLT0173576;EP2PMeter;405856706103424;8991856050706103424;NBPDCL
LNTLT0400050;EP2PMeter;405856706901608;8991856040706356599;NBPDCL
LNTLT1007062;EP2PMeter;405856707359014;8991856040706814011;NBPDCL
LNTLT0304660;EP2PMeter;405856706433580;8991856050706438580;NBPDCL
LNTLT0928973;EP2PMeter;405856707638080;8991856040707093085;NBPDCL
LNTLT0886451;EP2PMeter;405856707133264;8991856040706588255;NBPDCL
LNTLT0405873;EP2PMeter;405856706768384;8991856040706223375;NBPDCL
LNTLT0357521;EP2PMeter;405856706439677;8991856050706444677;NBPDCL
LNTLT0927674;EP2PMeter;405856706991976;8991856040706446967;NBPDCL
LNTLT0173577;EP2PMeter;405856706103326;8991856050706103326;NBPDCL
LNTLT0491321;EP2PMeter;405856706733106;8991856040706188097;NBPDCL
LNTLT0932338;EP2PMeter;405856707367116;8991856040706822113;NBPDCL
LNTLT0490726;EP2PMeter;405856706732931;8991856040706187922;NBPDCL
LNTLT0885952;EP2PMeter;405856707134443;8991856040706589434;NBPDCL
LNTLT0058129;EP2PMeter;405856706093918;8991856050706093918;NBPDCL
LNTLT1001916;EP2PMeter;405856707355674;8991856040706810671;NBPDCL
LNTLT0026866;EP2PMeter;405856706166545;8991856050706166545;NBPDCL
LNTLT0925791;EP2PMeter;405856707368146;8991856040706823143;NBPDCL
LNTLT0895267;EP2PMeter;405856707008773;8991856040706463764;NBPDCL
LNTLT0355877;EP2PMeter;405856706438694;8991856050706443694;NBPDCL
LNTLT0926473;EP2PMeter;405856707399689;8991856040706854686;NBPDCL
LNTLT0886008;EP2PMeter;405856707134457;8991856040706589448;NBPDCL
LNTLT0561379;EP2PMeter;405856706964369;8991856040706419360;SBPDCL
LNTLT0721680;EP2PMeter;405856707158214;8991856040706613205;SBPDCL
LNTLT0559884;EP2PMeter;405856706941708;8991856040706396699;SBPDCL
LNTLT0689903;EP2PMeter;405856706593952;8991856040706048930;SBPDCL
LNTLT0979745;EP2PMeter;405856707380422;8991856040706835419;SBPDCL
LNTLT0720885;EP2PMeter;405856707159700;8991856040706614691;SBPDCL
LNTLT0975943;EP2PMeter;405856707409516;8991856040706864513;SBPDCL
LNTLT0689902;EP2PMeter;405856706593939;8991856040706048917;SBPDCL
LNTLT0719158;EP2PMeter;405856707266004;8991856040706721001;SBPDCL
LNTLT0941293;EP2PMeter;405856707257380;8991856040706712372;SBPDCL
LNTLT0813083;EP2PMeter;405856707004443;8991856040706459434;SBPDCL
LNTLT0485054;EP2PMeter;405856706896698;8991856040706351689;SBPDCL
LNTLT0463306;EP2PMeter;405856706785118;8991856040706240108;SBPDCL
LNTLT0463307;EP2PMeter;405856706785111;8991856040706240101;SBPDCL
LNTLT0945000;EP2PMeter;405856707036695;8991856040706491686;SBPDCL
LNTLT0486041;EP2PMeter;405856706608982;8991856040706063960;SBPDCL
LNTLT0552386;EP2PMeter;405856706938184;8991856040706393175;SBPDCL
LNTLT0315465;EP2PMeter;405856706417296;8991856050706422296;SBPDCL
LNTLT0315769;EP2PMeter;405856706482529;8991856050706487529;SBPDCL
LNTLT0351919;EP2PMeter;405856706437624;8991856050706442624;SBPDCL
LNTLT0242780;EP2PMeter;405856706351457;8991856050706351457;SBPDCL
LNTLT0686817;EP2PMeter;405856706827969;8991856040706282960;SBPDCL
LNTLT0718970;EP2PMeter;405856707266125;8991856040706721122;SBPDCL
LNTLT0944151;EP2PMeter;405856707256656;8991856040706711648;SBPDCL
LNTLT0558114;EP2PMeter;405856706960967;8991856040706415958;SBPDCL
LNTLT0315778;EP2PMeter;405856706482537;8991856050706487537;SBPDCL
LNTLT0486271;EP2PMeter;405856706605745;8991856040706060723;SBPDCL
LNTLT0812870;EP2PMeter;405856707068689;8991856040706523680;SBPDCL
LNTLT0352097;EP2PMeter;405856706453659;8991856050706458659;SBPDCL
LNTLT0241972;EP2PMeter;405856706354101;8991856050706354101;SBPDCL
LNTLT0692347;EP2PMeter;405856706593422;8991856040706048400;SBPDCL
LNTLT0466281;EP2PMeter;405856706545579;8991856040706000557;SBPDCL
LNTLT0560825;EP2PMeter;405856706942458;8991856040706397449;SBPDCL
LNTLT0721979;EP2PMeter;405856707124858;8991856040706579849;SBPDCL
LNTLT0353104;EP2PMeter;405856706436416;8991856050706441416;SBPDCL
LNTLT0944851;EP2PMeter;405856707036512;8991856040706491503;SBPDCL
LNTLT0684896;EP2PMeter;405856706826779;8991856040706281770;SBPDCL
LNTLT0572535;EP2PMeter;405856706584646;8991856040706039624;SBPDCL
LNTLT0977914;EP2PMeter;405856707383477;8991856040706838474;SBPDCL
LNTLT0350886;EP2PMeter;405856706436644;8991856050706441644;SBPDCL
LNTLT0485825;EP2PMeter;405856706608706;8991856040706063684;SBPDCL
LNTLT0312245;EP2PMeter;405856706407259;8991856050706407259;SBPDCL
LNTLT0569007;EP2PMeter;405856706580309;8991856040706035287;SBPDCL
LNTLT0758981;EP2PMeter;405856707151851;8991856040706606842;SBPDCL
LNTLT0686877;EP2PMeter;405856706827787;8991856040706282778;SBPDCL
LNTLT0743849;EP2PMeter;405856707150601;8991856040706605592;SBPDCL
LNTLT0978404;EP2PMeter;405856707381766;8991856040706836763;SBPDCL
LNTLT0485455;EP2PMeter;405856706607465;8991856040706062443;SBPDCL
LNTLT0560770;EP2PMeter;405856706962808;8991856040706417799;SBPDCL
LNTLT0360219;EP2PMeter;405856706485770;8991856050706490770;SBPDCL
LNTLT0944153;EP2PMeter;405856707256597;8991856040706711589;SBPDCL
LNTLT0551739;EP2PMeter;405856706937962;8991856040706392953;SBPDCL
LNTLT0288589;EP2PMeter;405856706414291;8991856050706414291;SBPDCL
LNTLT0688004;EP2PMeter;405856706828638;8991856040706283629;SBPDCL
LNTLT0796088;EP2PMeter;405856707264981;8991856040706719973;SBPDCL
LNTLT0350887;EP2PMeter;405856706436647;8991856050706441647;SBPDCL
LNTLT0747706;EP2PMeter;405856707212390;8991856040706667390;SBPDCL
LNTLT0941040;EP2PMeter;405856707257258;8991856040706712250;SBPDCL
LNTLT0466849;EP2PMeter;405856706549716;8991856040706004694;SBPDCL
LNTLT0347538;EP2PMeter;405856706373411;8991856050706373411;SBPDCL
LNTLT0339785;EP2PMeter;405856706492297;8991856050706497297;SBPDCL
LNTLT0340691;EP2PMeter;405856706370192;8991856050706370192;SBPDCL
LNTLT0693364;EP2PMeter;405856706594853;8991856040706049831;SBPDCL
LNTLT0747709;EP2PMeter;405856707212387;8991856040706667387;SBPDCL
LNTLT0655865;EP2PMeter;405856706915517;8991856040706370508;SBPDCL
LNTLT0559923;EP2PMeter;405856706960070;8991856040706415061;SBPDCL
LNTLT0466218;EP2PMeter;405856706785962;8991856040706240952;SBPDCL
LNTLT0463611;EP2PMeter;405856706788554;8991856040706243544;SBPDCL
LNTLT0463712;EP2PMeter;405856706788744;8991856040706243734;SBPDCL
LNTLT0242778;EP2PMeter;405856706351424;8991856050706351424;SBPDCL
LNTLT0359774;EP2PMeter;405856706487652;8991856050706492652;SBPDCL
LNTLT0562744;EP2PMeter;405856706940238;8991856040706395229;SBPDCL
LNTLT0486046;EP2PMeter;405856706609058;8991856040706064036;SBPDCL
LNTLT0466059;EP2PMeter;405856706785331;8991856040706240321;SBPDCL
LNTLT0360258;EP2PMeter;405856706488943;8991856050706493943;SBPDCL
LNTLT0464138;EP2PMeter;405856706786235;8991856040706241225;SBPDCL
LNTLT0464585;EP2PMeter;405856706547498;8991856040706002476;SBPDCL
LNTLT0240510;EP2PMeter;405856706352334;8991856050706352334;SBPDCL
LNTLT0942446;EP2PMeter;405856707397383;8991856040706852380;SBPDCL
LNTLT0693149;EP2PMeter;405856706590528;8991856040706045506;SBPDCL
LNTLT0486177;EP2PMeter;405856706609091;8991856040706064069;SBPDCL
LNTLT0721648;EP2PMeter;405856707158287;8991856040706613278;SBPDCL
LNTLT0562859;EP2PMeter;405856706961843;8991856040706416834;SBPDCL
LNTLT0943148;EP2PMeter;405856707259126;8991856040706714118;SBPDCL
LNTLT0241207;EP2PMeter;405856706354209;8991856050706354209;SBPDCL
LNTLT0241172;EP2PMeter;405856706354387;8991856050706354387;SBPDCL
LNTLT0693640;EP2PMeter;405856706590712;8991856040706045690;SBPDCL
LNTLT0561601;EP2PMeter;405856706964207;8991856040706419198;SBPDCL
LNTLT0561132;EP2PMeter;405856706940965;8991856040706395956;SBPDCL
LNTLT0975866;EP2PMeter;405856707409546;8991856040706864543;SBPDCL
LNTLT0942304;EP2PMeter;405856707332376;8991856040706787373;SBPDCL
LNTLT0559921;EP2PMeter;405856706960077;8991856040706415068;SBPDCL
LNTLT0861064;EP2PMeter;405856707162943;8991856040706617934;SBPDCL
LNTLT0550897;EP2PMeter;405856706939832;8991856040706394823;SBPDCL
LNTLT0772109;EP2PMeter;405856707127049;8991856040706582040;SBPDCL
LNTLT1035005;EP2PMeter;405856707095979;8991856040706550970;SBPDCL
LNTLT0313320;EP2PMeter;405856706483599;8991856050706488599;SBPDCL
LNTLT0837918;EP2PMeter;405856707050942;8991856040706505933;SBPDCL
LNTLT0665967;EP2PMeter;405856706619393;8991856040706074371;SBPDCL
LNTLT0056615;EP2PMeter;405856706041069;8991856050706041069;SBPDCL
LNTLT0146383;EP2PMeter;405856706314407;8991856050706314407;SBPDCL
LNTLT0262677;EP2PMeter;405856706422770;8991856050706427770;SBPDCL
LNTLT0605699;EP2PMeter;405856706682007;8991856040706136985;SBPDCL
LNTLT0984498;EP2PMeter;405856707648090;8991856040707103095;SBPDCL
LNTLT0291905;EP2PMeter;405856706448336;8991856050706453336;SBPDCL
LNTLT0163285;EP2PMeter;405856706265348;8991856050706265348;SBPDCL
LNTLT0220755;EP2PMeter;405856706355053;8991856050706355053;SBPDCL
LNTLT0943343;EP2PMeter;405856707259081;8991856040706714073;SBPDCL
LNTLT0120303;EP2PMeter;405856706295244;8991856050706295244;SBPDCL
LNTLT0710809;EP2PMeter;405856707166050;8991856040706621041;SBPDCL
LNTLT0465237;EP2PMeter;405856706546112;8991856040706001090;SBPDCL
LNTLT1040383;EP2PMeter;405856707427031;8991856040706882026;SBPDCL
LNTLT0346049;EP2PMeter;405856706376336;8991856050706376336;SBPDCL
LNTLT0039982;EP2PMeter;405856706319390;8991856050706319390;NBPDCL
LNTLT0005264;EP2PMeter;405856706011122;8991856050706011122;NBPDCL
LNTLT0908497;EP2PMeter;405856707609688;8991856040707064693;NBPDCL
LNTLT0004397;EP2PMeter;405856706012885;8991856050706012885;NBPDCL
LNTLT0003513;EP2PMeter;405856706012062;8991856050706012062;NBPDCL
LNTLT0909674;EP2PMeter;405856707582317;8991856040707037322;NBPDCL
LNTLT0373412;EP2PMeter;405856706698802;8991856040706153781;NBPDCL
LNTLT0002021;EP2PMeter;405856706010476;8991856050706010476;NBPDCL
LNTLT0433185;EP2PMeter;405856706541057;8991856050706546057;NBPDCL
LNTLT0064719;EP2PMeter;405856706242836;8991856050706242836;NBPDCL
LNTLT1057875;EP2PMeter;405856707603850;8991856040707058855;NBPDCL
LNTLT0869086;EP2PMeter;405856707196932;8991856040706651932;NBPDCL
LNTLT1003111;EP2PMeter;405856707423021;8991856040706878016;NBPDCL
LNTLT0256617;EP2PMeter;405856706421841;8991856050706426841;NBPDCL
LNTLT1002234;EP2PMeter;405856707356874;8991856040706811871;NBPDCL
LNTLT1003158;EP2PMeter;405856707355285;8991856040706810282;NBPDCL
LNTLT0675051;EP2PMeter;405856706557792;8991856040706012770;NBPDCL
LNTLT0002144;EP2PMeter;405856706010576;8991856050706010576;NBPDCL
LNTLT0002072;EP2PMeter;405856706010401;8991856050706010401;NBPDCL
LNTLT0869387;EP2PMeter;405856707195095;8991856040706650095;NBPDCL
LNTLT0004025;EP2PMeter;405856706011834;8991856050706011834;NBPDCL
LNTLT0540024;EP2PMeter;405856706946072;8991856040706401063;NBPDCL
LNTLT1055957;EP2PMeter;405856707183554;8991856040706638554;NBPDCL
LNTLT0908342;EP2PMeter;405856707609936;8991856040707064941;NBPDCL
LNTLT0698014;EP2PMeter;405856706952270;8991856040706407261;NBPDCL
LNTLT0084141;EP2PMeter;405856706246914;8991856050706246914;NBPDCL
LNTLT0285276;EP2PMeter;405856706425296;8991856050706430296;NBPDCL
LNTLT1005124;EP2PMeter;405856707393029;8991856040706848026;NBPDCL
LNTLT0003515;EP2PMeter;405856706012055;8991856050706012055;NBPDCL
LNTLT1003184;EP2PMeter;405856707355491;8991856040706810488;NBPDCL
LNTLT0542332;EP2PMeter;405856706888251;8991856040706343231;NBPDCL
LNTLT0958827;EP2PMeter;405856707333368;8991856040706788365;NBPDCL
LNTLT0956696;EP2PMeter;405856707043356;8991856040706498347;NBPDCL
LNTLT1009842;EP2PMeter;405856707285379;8991856040706740376;NBPDCL
LNTLT1002461;EP2PMeter;405856707358377;8991856040706813374;NBPDCL
LNTLT0956700;EP2PMeter;405856707043382;8991856040706498373;NBPDCL
LNTLT1057218;EP2PMeter;405856707184001;8991856040706639001;NBPDCL
LNTLT0909524;EP2PMeter;405856707582367;8991856040707037372;NBPDCL
LNTLT0375639;EP2PMeter;405856706665969;8991856040706120947;NBPDCL
LNTLT1047889;EP2PMeter;405856707019522;8991856040706474513;NBPDCL
LNTLT0937660;EP2PMeter;405856707257710;8991856040706712702;NBPDCL
LNTLT0539749;EP2PMeter;405856706948882;8991856040706403873;NBPDCL
LNTLT0821993;EP2PMeter;405856707215837;8991856040706670837;NBPDCL
LNTLT0434950;EP2PMeter;405856706857636;8991856040706312627;NBPDCL
LNTLT0434319;EP2PMeter;405856706856162;8991856040706311153;NBPDCL
LNTLT0282403;EP2PMeter;405856706425698;8991856050706430698;NBPDCL
LNTLT0282327;EP2PMeter;405856706398455;8991856050706398455;NBPDCL
LNTLT0434669;EP2PMeter;405856706857403;8991856040706312394;NBPDCL
LNTLT0823335;EP2PMeter;405856707034011;8991856040706489002;NBPDCL
LNTLT0539711;EP2PMeter;405856706948843;8991856040706403834;NBPDCL
LNTLT0432980;EP2PMeter;405856706496310;8991856050706501310;NBPDCL
LNTLT0537946;EP2PMeter;405856706946373;8991856040706401364;NBPDCL
LNTLT0695773;EP2PMeter;405856706952094;8991856040706407085;NBPDCL
LNTLT0232605;EP2PMeter;405856706331964;8991856050706331964;SBPDCL
LNTLT0698680;EP2PMeter;405856707111164;8991856040706566155;SBPDCL
LNTLT0672290;EP2PMeter;405856706813105;8991856040706268085;SBPDCL
LNTLT0852488;EP2PMeter;405856707147404;8991856040706602395;SBPDCL
LNTLT0043961;EP2PMeter;405856706090415;8991856050706090415;SBPDCL
LNTLT0984757;EP2PMeter;405856707408035;8991856040706863032;SBPDCL
LNTLT0408942;EP2PMeter;405856706526751;8991856050706531751;SBPDCL
LNTLT0572675;EP2PMeter;405856706584624;8991856040706039602;SBPDCL
LNTLT0299860;EP2PMeter;405856706382701;8991856050706382701;SBPDCL
LNTLT0351530;EP2PMeter;405856706375314;8991856050706375314;SBPDCL
LNTLT0079046;EP2PMeter;405856706174588;8991856050706174588;SBPDCL
LNTLT1052526;EP2PMeter;405856707182053;8991856040706637053;SBPDCL
LNTLT0423913;EP2PMeter;405856706515284;8991856050706520284;SBPDCL
LNTLT0891304;EP2PMeter;405856706988106;8991856040706443097;SBPDCL
LNTLT0010704;EP2PMeter;405856706029813;8991856050706029813;SBPDCL
LNTLT0535843;EP2PMeter;405856706710922;8991856040706165901;SBPDCL
LNTLT0665249;EP2PMeter;405856706618624;8991856040706073602;SBPDCL
LNTLT0924293;EP2PMeter;405856707399185;8991856040706854182;SBPDCL
LNTLT0670412;EP2PMeter;405856706811104;8991856040706266084;SBPDCL
LNTLT0497619;EP2PMeter;405856706534304;8991856050706539304;SBPDCL
LNTLT0047191;EP2PMeter;405856706092412;8991856050706092412;SBPDCL
LNTLT0942577;EP2PMeter;405856707331010;8991856040706786007;SBPDCL
LNTLT0879150;EP2PMeter;405856707101306;8991856040706556297;SBPDCL
LNTLT0015660;EP2PMeter;405856706047928;8991856050706047928;SBPDCL
LNTLT1039418;EP2PMeter;405856707426898;8991856040706881893;SBPDCL
LNTLT0466536;EP2PMeter;405856706788903;8991856040706243893;SBPDCL
LNTLT0981474;EP2PMeter;405856707645043;8991856040707100048;SBPDCL
LNTLT0960850;EP2PMeter;405856707384833;8991856040706839830;SBPDCL
LNTLT0120382;EP2PMeter;405856706295024;8991856050706295024;SBPDCL
LNTLT0462038;EP2PMeter;405856706771236;8991856040706226227;SBPDCL
LNTLT0849648;EP2PMeter;405856707145810;8991856040706600801;SBPDCL
LNTLT0322792;EP2PMeter;405856706469388;8991856050706474388;SBPDCL
LNTLT0011580;EP2PMeter;405856706045924;8991856050706045924;SBPDCL
LNTLT0313588;EP2PMeter;405856706482742;8991856050706487742;SBPDCL
LNTLT0012696;EP2PMeter;405856706045040;8991856050706045040;SBPDCL
LNTLT1036484;EP2PMeter;405856707486571;8991856040706941576;SBPDCL
LNTLT0720268;EP2PMeter;405856707124415;8991856040706579406;SBPDCL
LNTLT0502761;EP2PMeter;405856706969539;8991856040706424530;SBPDCL
LNTLT0495866;EP2PMeter;405856706530408;8991856050706535408;NBPDCL
LNTLT0363692;EP2PMeter;405856706404528;8991856050706404528;NBPDCL
LNTLT0189775;EP2PMeter;405856706347537;8991856050706347537;NBPDCL
LNTLT0365861;EP2PMeter;405856706489250;8991856050706494250;NBPDCL
LNTLT0597260;EP2PMeter;405856706880932;8991856040706335923;NBPDCL
LNTLT0662967;EP2PMeter;405856706617425;8991856040706072403;NBPDCL
LNTLT0365074;EP2PMeter;405856706403172;8991856050706403172;NBPDCL
LNTLT0001903;EP2PMeter;405856706004532;8991856050706004532;NBPDCL
LNTLT0001806;EP2PMeter;405856706003463;8991856050706003463;NBPDCL
LNTLT0001820;EP2PMeter;405856706004856;8991856050706004856;NBPDCL
LNTLT0306952;EP2PMeter;405856706481458;8991856050706486458;SBPDCL
LNTLT0502914;EP2PMeter;405856706966482;8991856040706421473;SBPDCL
LNTLT0527607;EP2PMeter;405856706600392;8991856040706055370;SBPDCL
LNTLT0893205;EP2PMeter;405856707006338;8991856040706461329;SBPDCL
LNTLT0588379;EP2PMeter;405856706655952;8991856040706110930;SBPDCL
LNTLT0984135;EP2PMeter;405856707014403;8991856040706469394;SBPDCL
LNTLT0528536;EP2PMeter;405856706601623;8991856040706056601;SBPDCL
LNTLT0222550;EP2PMeter;405856706344277;8991856050706344277;SBPDCL
LNTLT0535304;EP2PMeter;405856706712933;8991856040706167912;SBPDCL
LNTLT0581864;EP2PMeter;405856706911322;8991856040706366313;SBPDCL
LNTLT0894298;EP2PMeter;405856707067314;8991856040706522305;SBPDCL
LNTLT0989957;EP2PMeter;405856707093186;8991856040706548177;SBPDCL
LNTLT0905401;EP2PMeter;405856707609362;8991856040707064367;SBPDCL
LNTLT0953926;EP2PMeter;405856707041091;8991856040706496082;SBPDCL
LNTLT0871871;EP2PMeter;405856707059381;8991856040706514372;SBPDCL
LNTLT0393636;EP2PMeter;405856706805969;8991856040706260960;SBPDCL
LNTLT0562254;EP2PMeter;405856706941559;8991856040706396550;SBPDCL
LNTLT0944648;EP2PMeter;405856707037008;8991856040706491999;SBPDCL
LNTLT0486444;EP2PMeter;405856706608817;8991856040706063795;SBPDCL
LNTLT0080635;EP2PMeter;405856706089672;8991856050706089672;SBPDCL
LNTLT0816911;EP2PMeter;405856707067613;8991856040706522604;SBPDCL
LNTLT0770599;EP2PMeter;405856706983506;8991856040706438497;SBPDCL
LNTLT0446830;EP2PMeter;405856706844297;8991856040706299288;SBPDCL
LNTLT0942020;EP2PMeter;405856707332263;8991856040706787260;SBPDCL
LNTLT0048163;EP2PMeter;405856706090576;8991856050706090576;SBPDCL
LNTLT0291057;EP2PMeter;405856706411173;8991856050706411173;SBPDCL
LNTLT0527440;EP2PMeter;405856706604191;8991856040706059169;SBPDCL
LNTLT0019453;EP2PMeter;405856706205055;8991856050706205055;SBPDCL
LNTLT0078629;EP2PMeter;405856706174856;8991856050706174856;SBPDCL
LNTLT0988870;EP2PMeter;405856707011446;8991856040706466437;SBPDCL
LNTLT1033072;EP2PMeter;405856707485202;8991856040706940207;SBPDCL
LNTLT0951500;EP2PMeter;405856707036087;8991856040706491078;SBPDCL
LNTLT1050904;EP2PMeter;405856707088366;8991856040706543357;SBPDCL
LNTLT0459731;EP2PMeter;405856706773391;8991856040706228381;SBPDCL
LNTLT0501175;EP2PMeter;405856706746383;8991856040706201374;SBPDCL
LNTLT0924076;EP2PMeter;405856707397656;8991856040706852653;SBPDCL
LNTLT0718921;EP2PMeter;405856707269100;8991856040706724097;SBPDCL
LNTLT0280744;EP2PMeter;405856706397077;8991856050706397077;SBPDCL
LNTLT0336216;EP2PMeter;405856706490068;8991856050706495068;SBPDCL
LNTLT0620557;EP2PMeter;405856706726021;8991856040706181012;SBPDCL
LNTLT0762667;EP2PMeter;405856707204131;8991856040706659131;NBPDCL
LNTLT0275908;EP2PMeter;405856706425546;8991856050706430546;NBPDCL
LNTLT0403352;EP2PMeter;405856706768801;8991856040706223792;NBPDCL
LNTLT0401884;EP2PMeter;405856706528805;8991856050706533805;NBPDCL
LNTLT0403879;EP2PMeter;405856706525493;8991856050706530493;NBPDCL
LNTLT0237761;EP2PMeter;405856706351662;8991856050706351662;NBPDCL
LNTLT0105923;EP2PMeter;405856706226393;8991856050706226393;NBPDCL
LNTLT0375547;EP2PMeter;405856706669471;8991856040706124449;NBPDCL
LNTLT0576820;EP2PMeter;405856706784808;8991856040706239798;NBPDCL
LNTLT1010685;EP2PMeter;405856707390437;8991856040706845434;NBPDCL
LNTLT1015275;EP2PMeter;405856707660588;8991856040707115593;NBPDCL
LNTLT0903215;EP2PMeter;405856707607952;8991856040707062957;NBPDCL
LNTLT0902708;EP2PMeter;405856707324740;8991856040706779737;NBPDCL
LNTLT0900163;EP2PMeter;405856707324431;8991856040706779428;NBPDCL
LNTLT0937824;EP2PMeter;405856707258633;8991856040706713625;NBPDCL
LNTLT0903214;EP2PMeter;405856707607951;8991856040707062956;NBPDCL
LNTLT0237819;EP2PMeter;405856706324732;8991856050706324732;NBPDCL
LNTLT0577215;EP2PMeter;405856706939452;8991856040706394443;NBPDCL
LNTLT0375281;EP2PMeter;405856706669897;8991856040706124875;NBPDCL
LNTLT0233796;EP2PMeter;405856706321357;8991856050706321357;NBPDCL
LNTLT0402552;EP2PMeter;405856706528911;8991856050706533911;NBPDCL
LNTLT0577074;EP2PMeter;405856706784635;8991856040706239625;NBPDCL
LNTLT0402563;EP2PMeter;405856706528991;8991856050706533991;NBPDCL
LNTLT0575596;EP2PMeter;405856706662526;8991856040706117504;NBPDCL
LNTLT0735751;EP2PMeter;405856706979029;8991856040706434020;NBPDCL
LNTLT0693837;EP2PMeter;405856706594943;8991856040706049921;NBPDCL
LNTLT0546404;EP2PMeter;405856706907963;8991856040706362954;NBPDCL
LNTLT0042053;EP2PMeter;405856706203470;8991856050706203470;NBPDCL
LNTLT0007825;EP2PMeter;405856706027983;8991856050706027983;NBPDCL
LNTLT0267570;EP2PMeter;405856706429359;8991856050706434359;NBPDCL
LNTLT0830482;EP2PMeter;405856707083543;8991856040706538534;NBPDCL
LNTLT1011457;EP2PMeter;405856707285084;8991856040706740081;NBPDCL
LNTLT0898893;EP2PMeter;405856707323189;8991856040706778186;NBPDCL
LNTLT1010783;EP2PMeter;405856707390282;8991856040706845279;NBPDCL
LNTLT0902233;EP2PMeter;405856707322360;8991856040706777357;NBPDCL
LNTLT0695116;EP2PMeter;405856706950910;8991856040706405901;NBPDCL
LNTLT0899818;EP2PMeter;405856707321562;8991856040706776559;NBPDCL
LNTLT0829523;EP2PMeter;405856707084100;8991856040706539091;NBPDCL
LNTLT0358380;EP2PMeter;405856706403744;8991856050706403744;NBPDCL
LNTLT0005039;EP2PMeter;405856706013425;8991856050706013425;NBPDCL
LNTLT0005246;EP2PMeter;405856706011194;8991856050706011194;NBPDCL
LNTLT0357962;EP2PMeter;405856706487820;8991856050706492820;NBPDCL
LNTLT0089112;EP2PMeter;405856706248851;8991856050706248851;NBPDCL
LNTLT0737221;EP2PMeter;405856706996283;8991856040706451274;NBPDCL
LNTLT0088529;EP2PMeter;405856706089087;8991856050706089087;NBPDCL
LNTLT0007976;EP2PMeter;405856706027670;8991856050706027670;NBPDCL
LNTLT0577706;EP2PMeter;405856706658272;8991856040706113250;NBPDCL
LNTLT0774477;EP2PMeter;405856707178227;8991856040706633227;NBPDCL
LNTLT0013867;EP2PMeter;405856706004403;8991856050706004403;NBPDCL
LNTLT0774783;EP2PMeter;405856707190108;8991856040706645108;NBPDCL
LNTLT0931746;EP2PMeter;405856707369828;8991856040706824825;NBPDCL
LNTLT0087855;EP2PMeter;405856706089363;8991856050706089363;NBPDCL
LNTLT0542526;EP2PMeter;405856706888197;8991856040706343177;NBPDCL
LNTLT0063364;EP2PMeter;405856706190101;8991856050706190101;NBPDCL
LNTLT0275850;EP2PMeter;405856706395534;8991856050706395534;NBPDCL
LNTLT0899101;EP2PMeter;405856707323382;8991856040706778379;NBPDCL
LNTLT0902628;EP2PMeter;405856707324915;8991856040706779912;NBPDCL
LNTLT1015489;EP2PMeter;405856707660897;8991856040707115902;NBPDCL
LNTLT0272225;EP2PMeter;405856706443202;8991856050706448202;NBPDCL
LNTLT0135974;EP2PMeter;405856706118601;8991856050706118601;NBPDCL
LNTLT0357289;EP2PMeter;405856706485782;8991856050706490782;NBPDCL
LNTLT0402118;EP2PMeter;405856706901830;8991856040706356821;NBPDCL
LNTLT0767569;EP2PMeter;405856707191102;8991856040706646102;NBPDCL
LNTLT0573205;EP2PMeter;405856706584695;8991856040706039673;NBPDCL
LNTLT0402333;EP2PMeter;405856706766895;8991856040706221886;NBPDCL
LNTLT0434068;EP2PMeter;405856706855490;8991856040706310481;NBPDCL
LNTLT0553340;EP2PMeter;405856706635555;8991856040706090533;NBPDCL
LNTLT0998240;EP2PMeter;405856707423405;8991856040706878400;NBPDCL
LNTLT0999751;EP2PMeter;405856707357955;8991856040706812952;NBPDCL
LNTLT0006992;EP2PMeter;405856706025504;8991856050706025504;NBPDCL
LNTLT0997049;EP2PMeter;405856707093663;8991856040706548654;NBPDCL
LNTLT0006803;EP2PMeter;405856706025977;8991856050706025977;NBPDCL
LNTLT0451646;EP2PMeter;405856706621651;8991856040706076629;NBPDCL
LNTLT0705152;EP2PMeter;405856707113399;8991856040706568390;NBPDCL
LNTLT0184482;EP2PMeter;405856706069170;8991856050706069170;NBPDCL
LNTLT0448019;EP2PMeter;405856706844466;8991856040706299457;NBPDCL
LNTLT0212115;EP2PMeter;405856706345469;8991856050706345469;NBPDCL
LNTLT0225168;EP2PMeter;405856706326213;8991856050706326213;NBPDCL
LNTLT0450340;EP2PMeter;405856706624872;8991856040706079850;NBPDCL
LNTLT0211176;EP2PMeter;405856706358573;8991856050706358573;NBPDCL
LNTLT0707403;EP2PMeter;405856707167829;8991856040706622820;NBPDCL
LNTLT0450825;EP2PMeter;405856706621146;8991856040706076124;NBPDCL
LNTLT0278251;EP2PMeter;405856706426710;8991856050706431710;NBPDCL
LNTLT0708316;EP2PMeter;405856707168499;8991856040706623490;NBPDCL
LNTLT0227886;EP2PMeter;405856706325096;8991856050706325096;NBPDCL
LNTLT0277438;EP2PMeter;405856706444137;8991856050706449137;NBPDCL
LNTLT0277843;EP2PMeter;405856706428126;8991856050706433126;NBPDCL
LNTLT0448977;EP2PMeter;405856706624760;8991856040706079738;NBPDCL
LNTLT0237865;EP2PMeter;405856706324715;8991856050706324715;NBPDCL
LNTLT0278560;EP2PMeter;405856706396312;8991856050706396312;NBPDCL
LNTLT0820961;EP2PMeter;405856707217403;8991856040706672403;NBPDCL
LNTLT0257695;EP2PMeter;405856706423044;8991856050706428044;NBPDCL
LNTLT0831472;EP2PMeter;405856707081945;8991856040706536936;NBPDCL
LNTLT0210761;EP2PMeter;405856706358763;8991856050706358763;NBPDCL
LNTLT0258259;EP2PMeter;405856706422392;8991856050706427392;NBPDCL
LNTLT0278558;EP2PMeter;405856706396307;8991856050706396307;NBPDCL
LNTLT1051205;EP2PMeter;405856707085058;8991856040706540049;SBPDCL
LNTLT0690517;EP2PMeter;405856706952787;8991856040706407778;SBPDCL
LNTLT0387688;EP2PMeter;405856706873253;8991856040706328244;SBPDCL
LNTLT0851146;EP2PMeter;405856707160185;8991856040706615176;SBPDCL
LNTLT0562822;EP2PMeter;405856706961846;8991856040706416837;SBPDCL
LNTLT0486742;EP2PMeter;405856706605213;8991856040706060191;SBPDCL
LNTLT0951918;EP2PMeter;405856707482422;8991856040706937427;SBPDCL
LNTLT0193746;EP2PMeter;405856706304894;8991856050706304894;SBPDCL
LNTLT0315199;EP2PMeter;405856706482577;8991856050706487577;SBPDCL
LNTLT0561423;EP2PMeter;405856706964448;8991856040706419439;SBPDCL
LNTLT0719827;EP2PMeter;405856707124020;8991856040706579011;SBPDCL
LNTLT0570866;EP2PMeter;405856706583945;8991856040706038923;SBPDCL
LNTLT0484158;EP2PMeter;405856706606599;8991856040706061577;SBPDCL
LNTLT0718791;EP2PMeter;405856707266269;8991856040706721266;SBPDCL
LNTLT0951735;EP2PMeter;405856707036224;8991856040706491215;SBPDCL
LNTLT0911398;EP2PMeter;405856707581982;8991856040707036987;SBPDCL
LNTLT0193881;EP2PMeter;405856706348894;8991856050706348894;SBPDCL
LNTLT0354229;EP2PMeter;405856706435219;8991856050706440219;SBPDCL
LNTLT0073172;EP2PMeter;405856706073999;8991856050706073999;SBPDCL
LNTLT1036622;EP2PMeter;405856707487198;8991856040706942203;SBPDCL
LNTLT0569504;EP2PMeter;405856706580341;8991856040706035319;SBPDCL
LNTLT0970944;EP2PMeter;405856707469706;8991856040706924701;SBPDCL
LNTLT0044056;EP2PMeter;405856706090323;8991856050706090323;SBPDCL
LNTLT0425699;EP2PMeter;405856706511792;8991856050706516792;SBPDCL
LNTLT0719828;EP2PMeter;405856707124040;8991856040706579031;SBPDCL
LNTLT0016402;EP2PMeter;405856706208004;8991856050706208004;SBPDCL
LNTLT0298850;EP2PMeter;405856706459381;8991856050706464381;SBPDCL
LNTLT0409993;EP2PMeter;405856706543993;8991856050706548993;SBPDCL
LNTLT0665606;EP2PMeter;405856706812146;8991856040706267126;SBPDCL
LNTLT0551164;EP2PMeter;405856706938466;8991856040706393457;SBPDCL
LNTLT0527947;EP2PMeter;405856706604317;8991856040706059295;SBPDCL
LNTLT0689997;EP2PMeter;405856706591165;8991856040706046143;SBPDCL
LNTLT0838657;EP2PMeter;405856707053848;8991856040706508839;SBPDCL
LNTLT0472705;EP2PMeter;405856706737786;8991856040706192777;SBPDCL
LNTLT0816645;EP2PMeter;405856707068921;8991856040706523912;SBPDCL
LNTLT0551163;EP2PMeter;405856706938467;8991856040706393458;SBPDCL
LNTLT0548472;EP2PMeter;405856706935491;8991856040706390482;SBPDCL
LNTLT0536628;EP2PMeter;405856706710284;8991856040706165263;SBPDCL
LNTLT0163133;EP2PMeter;405856706265346;8991856050706265346;SBPDCL
LNTLT0230602;EP2PMeter;405856706334356;8991856050706334356;SBPDCL
LNTLT0536871;EP2PMeter;405856706710159;8991856040706165138;SBPDCL
LNTLT0589104;EP2PMeter;405856706656600;8991856040706111578;SBPDCL
LNTLT0351511;EP2PMeter;405856706439368;8991856050706444368;SBPDCL
LNTLT0310350;EP2PMeter;405856706405523;8991856050706405523;SBPDCL
LNTLT0923773;EP2PMeter;405856707368936;8991856040706823933;SBPDCL
LNTLT0634320;EP2PMeter;405856706763367;8991856040706218358;SBPDCL
LNTLT0331580;EP2PMeter;405856706479358;8991856050706484358;SBPDCL
LNTLT0333100;EP2PMeter;405856706475196;8991856050706480196;SBPDCL
LNTLT0984979;EP2PMeter;405856707649675;8991856040707104680;SBPDCL
LNTLT0793709;EP2PMeter;405856707244856;8991856040706699848;SBPDCL
LNTLT0655186;EP2PMeter;405856706803946;8991856040706258937;SBPDCL
LNTLT0499223;EP2PMeter;405856706749210;8991856040706204201;SBPDCL
LNTLT0712241;EP2PMeter;405856706995147;8991856040706450138;SBPDCL
LNTLT0781373;EP2PMeter;405856707250130;8991856040706705122;SBPDCL
LNTLT0560305;EP2PMeter;405856706942288;8991856040706397279;SBPDCL
LNTLT0423851;EP2PMeter;405856706515253;8991856050706520253;SBPDCL
LNTLT0536978;EP2PMeter;405856706710686;8991856040706165665;SBPDCL
LNTLT0498956;EP2PMeter;405856706748503;8991856040706203494;SBPDCL
LNTLT0264750;EP2PMeter;405856706393887;8991856050706393887;SBPDCL
LNTLT0668943;EP2PMeter;405856706617783;8991856040706072761;SBPDCL
LNTLT0607330;EP2PMeter;405856706683671;8991856040706138649;SBPDCL
LNTLT0262843;EP2PMeter;405856706423586;8991856050706428586;SBPDCL
LNTLT0216921;EP2PMeter;405856706344792;8991856050706344792;SBPDCL
LNTLT0311046;EP2PMeter;405856706481576;8991856050706486576;SBPDCL
LNTLT0287521;EP2PMeter;405856706445625;8991856050706450625;SBPDCL
LNTLT0917281;EP2PMeter;405856707636816;8991856040707091821;SBPDCL
LNTLT0974606;EP2PMeter;405856707648378;8991856040707103383;SBPDCL
LNTLT1015820;EP2PMeter;405856707660166;8991856040707115171;SBPDCL
LNTLT0352793;EP2PMeter;405856706486058;8991856050706491058;SBPDCL
